main_category,subcategory,labels
Biospecimen Type,Tissue and Cell Types,"['tissue', 'cell type', 'cell line', 'tissue type', 'celltype', 'tissue anatomic site', 'cell description', 'cell sex', 'cell', 'Tissue', 'tissue source', 'tissue/cell type', 'cell subtype', 'country of serum collection', 'organ failure', 'cell_type', 'cell subset', 'tissue preparation', 'tissue of origin', 'cell karyotype', 'cell lineage', 'tissue_type', 'flowcell', 'sorted cells', 'cell population', 'organ/tissue', 'predicted celltype', 'predicted parent celltype', 'timepoint biopsy', 'lymphocyte_percent', 'lymphocyte_absolute', 'monocyte_percent', 'monocyte_absolute', 'cell projection', 'cell line code', 'white_blood_cell_count', 'tissue_depot', 'red blood cells', 'white blood cells', 'specimen', 'blood obtained', 'tissue substructure', 'tissue structure', 'organ', 'cell phenotype', 'per lymphocytes', 'per monocytes', 'TargetedCellType', 'CellLine', 'cells', 'tissue.type', 'specimen_name', 'biopsy', 'monocytes', 'blood collection tube coating', 'tissue subtype', 'tissue region', 'blood_group', 'cell types', 'responder cell line', 'cell line of origin', 'biopsy type', 'cell source', 'tissue/cell line', 'tissue archive method', 'spike-in cell_line', 'spike-in cell_type', 'tissue origin', 'blood.source', 'clinical diagnosis specimen', 'biopsy data, villus height to crypt depth', 'cell_line', 'tissue notes', 'cell fraction', 'responder cells', 'biopsy site', 'tissue-of-origin', 'tissue processing', 'cell part']"
Biospecimen Type,Cell and Tissue Sources,"['serum type', 'cell culture', 'cell line source', 'cell type/line', 'primary tissues', 'transplanted organ', 'time of blood draw', 'cell stimulation', 'lymphocyte.reaction', 'cell state', 'cell compartment', 'cell subpopulation', 'tissue compartment', 'cell line background', 'cell density', 'number of cells', 'specimen site', 'cell number', 'tissue group', 'source tissue', 'cell lines', 'minimum reads per cell during initial processing', 'day blood taken', 'tissue status', 'cell markers', 'lymphocyte_count', 'source cell type', 'tissue/cell info', 'sorted cell_type', 'cells detected', 'tissue derivation', 'data tissue_collection', 'tissue collection', 'age at blood collection', 'organ system', 'day of tissue harvest', 'parental cell line', 'other organ lesion', 'stem cell', 'cell surface marker', 'developmental stage/tissue', 'lymphocytes_count', 'monocytes_count', 'tissue acquisition', 'cell surface markers', 'cell/tissue type', 'Tissue Factor', 'percentage of tumor cells', 'source cell', 'age at biopsy date', 'cells_loaded', 'Cell type', 'organ obtained', 'primary cells', 'Age at interview & blood sampling', 'biopsy vs surgical resection', 'Tissue type', 'cell tye', 'treated stem cells', 'cell treatment', 'cell line name', 'Cell line', 'Medication at blood sampling', 'cell culture condition', 'cell-type', 'derived cell line', 'source cell line', 'age at skin biopsy', 'tumor tissue source', 'cell passage', 'tumor organ site', 'cell line/type', 'cell cycle stage', 'tumor cell line', 'lymphocytes', 'biopsy collection date', 'bone marrow mononuclear cells sorted from', 'additional cell lineages present in dataset', 'cell type source']"
Biospecimen Type,Cell and Tissue Subgroups,"['cell stage', 'tissues', 'primary cell line', 'tissue subgroup', 'cell line/tissue', 'cell line/tissue source', 'monocyte', 'sorted cell type', 'lymphocyte', 'cell or tissue type', 'starting cell', 'blood island injection', 'cell preparation', 'cell dissociation', 'peripheral blood', 'cells/condition', 'cell transduction', 'cell marker', 'cellular_component', 'tissue location', 'cell type origin', 'cell status', 'serum', 'cell line_name', 'cell_origin', 'tissue class', 'cell origin', 'age at blood draw', 'original cell line', 'cell lining', 'growth phase of cells', 'Tumor tissue', 'brain tissue', 'cell type background', 'age at biopsy', 'cell line type', 'isolation of tumor cells', 'primary cell type', 'cell line origin', 'tumor cell type', 'maturation to macrophage', 'melanoma cell type', 'histological findings of renal specimen', 'renal biopsy', 'name of tissue', 'cell line passage', 'blood pressure', 'area/tissue', 'cell line for infection', 'injected cell line', 'cell-subtype', 'parental cell type', 'neuroblastoma cell line', 'derived cell_type', 'cell number per well', 'macrophages', 'cell type depletion', 'cell type implantation', 'sorted subset of cells', 'cell subsets', 'sorted cell', 'derived cell type', 'cell morphology', 'stem cell clone', 'tissue storage', 'cell phase', 'biopsy position', 'tissue type type', 'cell line_infection', 'cell enrichment', 'Cells', 'blood', 'source organ', 'tissue zone', 'bacterial cells', 'tissue extraction', 'skin score at biopsy site', 'non-small cell lung cancer Derived from metastatic site', 'Organ']"
Biospecimen Type,Cell and Tissue Characterization,"['bacteria tissue', 'large cell lung cancer Derived from metastatic site', 'cell subpopulation/marker', 'cell characterization', 'source cells', 'cell line source gender', 'cell mixing ratio', 'BRAIN (CEREBELLUM), BIOPSY', 'cell line source age', 'cell line source tissue', 'cell mixture', 'small cell lung cancer Derived from metastatic site', 'cell lie', 'injected cells', 'stimulation', 'phenotype', 'well', 'morphology', 'case number', 'transduction', 'sorted compartment', 'population', 'source type', 'number of relapses', 'preparation', 'Phenotype', 'line type', 'clinical phenotype', 'case_phenotype', 'als phenotype', 'sub-population', 'health status', 'bacterial lysate', 'responder', 'simulation', 'karyotype', 'compartment', 'parental line', 'FISH origin', 'surface marker', 'body site', 'clinical phenotypes', 'phenotypes', 'clone phenotype', 'twin status', 'Karyotype', 'enrichment', 'lot number', 'surface markers', 'es line', 'clone name', 'efflux status', 'source muscle', 'fold enrichment', 'sediment', 'initial preparation', 'anatomic site', 'derived culture', 'genotype background', 'subpopulation', 'tic class', 'Morphology', 'chip antibody', 'antibody', 'molecule subtype', 'type', 'molecule type', 'library type', 'molecule', 'isolate', 'material', 'parity', 'background', 'genetic background', 'epithelial', 'culture_result', 'smear_results', 'full_genotype', 'hip_circumference']"
Biospecimen Type,Sample Isolation and Preparation,"['waist_circumference', 'microdissection', 'assayed molecule', 'lymphs', 'line', 'isolation_method', 'skin type', 'library well', 'library plate', 'platelet', 'antigen', 'markers', 'skin', 'colony of_origin', 'hemoglobin genotype', 'trachea region', 'intrinsic subtype', 'anatomic_location', 'anatomic location', 'microbiota status', 'sputum_smear', 'sputum_culture', 'growth', 'eye', 'brain bank', 'splice variant', 'transplant type', 'chip target', 'bal_culture', 'bal_smear', 'smear of index case', 'components', 'fibrinogen', 'target molecule', 'enzyme', 'marrow', 'variety', 'hemisphere', 'microglia media', 'histological..subtype', 'unsorted or sorted', 'input material', 'subclass', 'fracture site', 'immune_or_nasal', 'any_immune', 'Type', 'embryo', 'anatomical location', 'fetus', 'lesional (ls) vs. normal', 'Genetic background', 'Histological type', 'vs type', 'histological.type', 'lobe', 'cytology', 'aspiration site', 'vector constructs', 'sandwich type', 'types', 'modifications', 'library-type', 'lymph node number', 'upper or lower extremity', 'growth pattern', 'volar or non-volar', 'isolation method', 'specific heart region', 'lymph node', 'graft source', 'derived from', 'BREAST', 'type of library', 'fusion', 'hemolysis score', 'autopsy', 'resection', 'construct']"
Biospecimen Type,Tissue and Cell Features,"['mating type', 'location type', 'skin anatomy', 'pulldown', 'knock-in line', 'brain section', 'knockout status', 'mitotic activity', 'derived from metastatic site', 'kit expression', 'pulmonary compartment', 'sampling location', 'Body surface area', 'body part', 'anatomical site', 'resection_type', 'morphologic form', 'spinal cord region', 'Construct', 'extract', 'exogenous gene expressed', 'molecule source', 'generation', 'generation/colony', 'electrophysiology', 'glioma model', 'fus aggregation state', 'sort purification strategy', 'protein expression', 'menstrual phase', 'protein', 'clip antibody', 'viral', 'composite', 'osteogenic potential', 'aortic valve', 'adipogenic potential', 'lung section/portion', 'cytogenetic', 'sorted fraction', 'precursor', 'genotype abbreviation', 'sorting profile', 'receptor expression', 'material type', 'cag repeat', 'serology', 'density gradient region', 'pluripotent', 'MASTECTOMY', 'total/partial resection', 'model type', 'type of cultivation plate', 'urine protein', 'embryos pooled', 'lung section', 'anatomical region', 'microglia population', 'fus variant', 'portion of branchial arch', 'anatomic segment', 'allele', 'neural crest-derived', 'molecule subtypes', 'hairpin', 'pull-down', 'cytogenetics', 'marker', 'number of_tracheas', 'knock-in', 'embryo characteristic', 'immortalization method', 'OVARY', 'AXILLARY NODE', 'BREAST, LOCAL EXCISION', 'PARTIAL MASTECTOMY', 'COMPLETION MASTECTOMY', 'SENTINEL AXILLARY LYMPH NODE', 'BREAST, MASTECTOMY']"
Biospecimen Type,Small Molecules,['small molecule']
Biospecimen Disease Condition,Disease State,"['disease state', 'disease', 'diagnosis', 'condition', 'infection', 'disease status', 'tumor type', 'housing condition', 'diseasestate', 'clinical diagnosis', 'histologic diagnosis', 'tumor grade', 'infection status', 'tumor location', 'infection states', 'disease group', 'final diagnosis', 'cancer status', 'hours post infection', 'disease severity', 'infection protocol', 'working_diagnosis', 'first_diagnosis', 'tumor grading', 'pathology', 'disease duration', 'disease_category', 'institutional tumor diagnosis', 'disease location', 'disease staging', 'cancer site', 'tumor', 'neuropathological_diagnosis', 'clinical_diagnosis', 'disease_duration_years', 'culture condition', 'site of infection', 'cancer type', 'infection code', 'culture conditions', 'disease_status', 'reference diagnosis', 'condition description', 'adjusted disease severity index', 'diagnosis date', 'growth condition', 'additional conditions', 'disease symptom', 'other diseases', 'disease type', 'disease subtype', 'DiseaseState', 'diagnosis.after.path.re.review', 'diagnosis.of.record', 'lung disease', 'chronic diseases', 'molecular.diagnosis', 'primary.tumor', 'tumor_name', 'radiation administered prior to tumor resection', 'histological diagnosis', 'tumor localization', 'broad diagnosis', 'behavior at diagnosis', 'tumor category', 'disease activity', 'stimulation condition', 'primary diagnosis', 'light condition', 'diagnosis total', 'diagnosis hep flex', 'diagnosis rectum', 'lung pathology', 'tumor_entity_subtype', 'diagnosis colonic', 'diagnosis details', 'diagnosis anal perianal', 'diagnosis oral', 'diagnosis rectal', 'disease_state', 'tumor full_name', 'disease_group_detailed', 'disease_group', 'pathology_note', 'distance from the tumor center', 'index_case_disease_site', 'tumor subgroup', 'years since diagnosis', 'histopathology', 'skin disease', 'Diagnosis', 'tumor subtype', 'clinical condition']"
Biospecimen Disease Condition,Disease Characteristics,"['infection group', 'worm infection', 'Tumor size', 'disease_extension', 'tumor status', 'culture_conditions', 'primary disease', 'incubation conditions', 'neuropathological diagnosis', 'Condition', 'tumor.in.left.right.lobe', 'tumor region', 'disease_duration', 'hour post infection', 'disease category', 'tumor type/grade', 'virus infection', 'exposure condition', 'bacterial infection', 'infection state', 'infection duration', 'parental tumor subtype', 'preliminary diagnosis', 'primary tumor site', 'malaria infection', 'tumor histology', 'metastatic tumor site', 'lesion_disease_factor', 'infection type exposure', 'primary tumor', 'duration of infection', 'experimental condition', 'malignant tumor', 'disease model', 'initial tumor increase/(-)decrease', 'tumor size', 'tumor_grading', 'tumor source', 'conditioning received', 'conditions', 'active_disease', 'Conditioning', 'Disease', 'tumor/control', 'disease phase', 'tumor.grade', 'qualifying condition', 'clinical.diagnosis.history', 'tumor vs. normal', 'viral infection', 'maximal prior disease extend', 'disease diagnosis', 'hours of infection', 'years of disease', 'disease subset', 'conditioned media type', 'conditioned media origin', 'Location tumor', 'Tumor type', 'growth conditions', 'infection type', 'plasmodium falciparum infection status', 'single or double infection', 'infection route', 'stress condition', 'pulmonary.disease', 'cancer.past', 'active cancer', 'cardiovascular.disease', 'oncologic diagnosis', 'environmental condition', 'molecular condition', 'disease course', 'disease onset', 'tumor_size', 'library outgrowth conditions', 'maternal disease status', 'disease condition', 'associated primary tumor no', 'tumor_site', 'Chief Disease', 'tumor model', 'tumor origin', 'disease outcome', 'mechanical condition', 'Wash Condition', 'Labeling Condition', 'location of tumors', 'brain tumor region', 'initial tumor volume', 'tumor class', 'disease classification', 'disease in non-fip']"
Biospecimen Disease Condition,Disease Attributes,"['brain tumor', 'treatment condition', 'disease grade', 'tumor inoculation', 'original tumor', 'molarity of infection', 'duration of disease', 'genotype/disease state', 'infection rate', 'infection period', 'oxygen condition', 'conditioned medium', 'conditioned media source', 'growing media conditions', 'Disease state', 'disease feature', 'site of_disease_onset', 'disease name', 'tumor position', 'cancer predisposition', 'original tumor type', 'growth_condition', 'plasmodium infection', 'length of infection', 'molecular diagnosis', 'experimental conditions', 'months post infection', 'tumor who grade', 'reference condition', 'test condition', 'rounds of infection', 'Infection Status', 'clinical info', 'histology', 'primary site', 'brain region', 'who category', 'initial ich volume', 'who grade', 'number of malaria infections', 'section', 'infection_status', 'Histopathological diagnostic', 'hours post-invasion', 'hours post invasion', 'mechanical ventilation', 'antibody description', 'inflammation status', 'injection_type', 'Histology', 'localization', 'isolate type', 'location of onset', 'dissection', 'injection site', 'clinical indication', 'lesion status', 'clinic status', 'metastatic site', 'hours_post_infection', 'injection', 'er status', 'neuropathological.information', 'hours post fertilization', 'viral infected', 'infectious', 'water type', 'maternal health status', 'single or double infected', 'clone type', 'hours post-infection', 'channel type', 'interaction status', 'pair status', 'infection_state', 'vaccination status', 'type of insertion', 'clinical manifestation', 'incubation period', 'viral inactivation', 'environmental factor', 'nes status', 'zinc status', 'round of selection', 'reference lot', 'reference cat', 'histopathological diagnostic', 'cohort', 'smoking status', 'pasi', 'pathologic status', 'grade', 'surgical status']"
Biospecimen Disease Condition,Disease Status,"['outcome', 'status', 'subtype', 'culture result', 'site_onset', 'metastasis', 'severity score', 'stress', 'smoker', 'severity', 'illness', 'Illness', 'viral_positivity', 'neoplastic', 'consortium lung phenotype', 'malaria_transmission', 'consortium lung phenotype surrogate variable', 'meconium ileus status', 'persistent ps aer status', 'malaria_status', 'dementia', 'diagnostic_mean', 'death', 'survival_status', 'progression', 'parasitemia', 'tst skin test', 'joint problems', 'family history', 'symptoms onset date', 'with or without clonal heterogeneity', 'international prognostic index', 'dead or alive at the end of follow-up', 'total number of genomic aberrations', 'seizure', 'asthma', 'smear_result', 'anti-centromere', 'recurrence', 'os.mos', 'surgical.outcome', 'psychiatric disorder', 'gastrointestinal disorder', 'cerebral palsy', 'mutational subclass', 'birth defects', 'neurological disorder', 'developmental/speech disorder', 'diabetes', 'percent_weight_loss', 'molecular classification', 'recurrent_status', 'dysplasia now', 'health state', 'cigarette smoker', 'medical.history', 'inflammation_status', 'pregnancy status', 'cirrhosis present', 'chronic hypertension', 'survival after surgery', 'death with metastasis', 'outcome related', 'infected/uninfected', 'neoplasia type', 'symptom severity', 'viral shedding', 'tst result', 'symptomatic', 'smoking', 'hypertension', 'cag_repeat', 'conversion', 'prognosis', 'parasitemia category', 'survival status', 'parasite density', 'malign', 'protect_outcome', 'isolate_sensitivity', 'exposure_latent', 'pasi score', 'obesity', 'stress exposure', 'genetic class', 'symptom', 'mutation_carrier_status', 'cag_repeats', 'phase', 'das score', 'infectivity', 'total cholesterol', 'fibrosis degree']"
Biospecimen Disease Condition,Disease Progression,"['interim pet response', 'primary/recurrent', 'pasi_total', 'Outcome', 'scar', 'lesion', 'lymphoma type', 'remission', 'swollen joints', 'pain', 'tender joints', 'viral load', 'current status', 'Smoking status', 'endoscopic_activity', 'mitotic index', 'survival characteristics', 'vascular.invasion', 'mutational.status', 'multifocal', 'smoker or non smoker', 'exposed to', 'familial anamnesis', 'onset', 'Status', 'progression_free_survival', 'primary recurrent', 'smoking_status', 'clinical outcome', 'metastasis site', 'glioma', 'subcutaneous neurofibromas', 'plexiform neurofibromas', 'cutaneous neurofibromas', 'facial dysmorphism', 'scoliosis', 'skin-fold freckling', 'Lymph node involvement', 'primary_recurrent', 'clinically_aggressive', 'total skin score', 'lesion_label', 'presence_of_parasites_lesion', 'infiltration', 'severity_score', 'lesion_size', 'bleeding', 'stool frequency', 'clinical presentation', 'alive', 'prodromal status', 'subtypes', 'local skin score', 'location of lesion', 'gene deletion status', 'mutation class', 'fever', 'dyspnea / tachypnea', 'cough', 'primary/metastasis', 'symptoms', 'tuberculosis_history', 'family_history', 'exitus', 'primary mutation', 'copy number gain', 'sofa score', 'als mutation', 'granuloma', 'brain metastasis', 'reason for intubation', 'pregnancy', 'clinical_history', 'cerebral performance category score', 'diplopia', 'mutations', 'decrease of vision', 'onset site', 'relapse', 'syndrome', 'systemic sclerosis subtype', 'parasite density on admission', 'serologic response status', 'digestives_symptoms', 'radiation sensitivity', 'major_organ_involvement', 'severity binary', 'severe_eosinophilia', 'receptor status', 'histological grade', 'clinical phenotype details', 'who class', 'cause.of.death']"
Biospecimen Disease Condition,Disease Details,"['histological response', 'hereditary status', 'Family History', 'clinical information', 'parasite', 'primary vs metastatic', 'nonunion type', 'Dead/Alive', 'Location of distant metastasis', 'isolate sensitivity', 'sputum smear status', 'diffuse/limited', 'KIT mutation', 'antibody status', 'lymphoma subtype', 'primary_recurrence', 'neural tube defect', 'sofa_admission', 'affected status', 'skin phenotype', 'sum.risk.factors', 'psoriasis area-and-severity index', 'hospitalization', 'follicular lymphoma grade', 'psoriasis subtype', 'Scaling', 'skin score', 'previous severity', 'Overall erythema', 'degree of infiltrate', 'pathological type', 'fip status', 'mortality', 'gametocyte status', 'medical history', 'histological subtype', 'metastatic status', 'somatic mutation', 'respiratory score', 'gastrointestinal involvement', 'Death Cause', 'Inflammation', 'ocular involvement', 'vascular involvement', 'genital ulcer', 'arthritis', 'At Risk', 'oral ulcer', 'molecular subtype/phenotypic state', 'erythema nodule', 'reason for liver resection', 'injury model', 'febrile seizure', 'ar or asthma', 'autism diagnostic', 'alk mutation status', 'pulmonary cavitation', 'malignancy class', 'risk grade', 'glioma grade', 'immune infiltration', 'hind-limb paralysis', 'rift valley fever virus', 'engraftment', 'interstitial pneumonia', 'seizures/month', 'surgical indication', 'melanoma', 'major reason_for_surgery', 'primary/ recurrent', 'metastatic/primary', 'recurrent/primary', 'weight phenotype', 'resistance profile', 'embryo phenotype', 'etiology', 'myopathic motor_unit_potentials', 'mutation details', 'cognitive impairment', 'distant metastasis', 'tobacco use', 'parental/ne-like state', 'oocyst prevalence', 'post-symptom onset', 'invasive behavior', 'responder status', 'fibrosis', 'severity grade', 'diffuse vs limited', 'allergy', 'months_survival', 'progression_status', 'months_progression']"
Biospecimen Disease Condition,Disease Severity,"['mitotic rate', 'positive Down screening risk']"
Biospecimen Age,Developmental Timepoints,"['age', 'time', 'time point', 'timepoint', 'developmental stage', 'Stage', 'day', 'agent', 'age in years', 'Age', 'passage', 'tumor stage', 'passages', 'development stage', 'age_onset', 'age description', 'disease stage', 'treatment time', 'age group', 'infection time', 'year', 'passage_if_expanded', 'doubling time', 'infectious agent', 'collection time point', 'age_weeks', 'age_at_draw', 'time harvest', 'sampling time_point_label', 'time_to_malaria', 'reagent', 'age of enrollment', 'days_in_hospital', 'age_at_diagnosis', 'age of onset of persistent ps aer or censored age', 'days since vaccine', 'dev_stage', 'age_at_death_years', 'passage number', 'time.from.exposure.months', 'day of trial', 'day post infection', 'age at death', 'days since vaccination', 'sampling timepoint', 'gold stage', 'year of surgery', 'age in year', 'days of differentiation', 'age at_treatment', 'treatment age_group', 'animal age', 'treatment/time point', 'dosage', 'week', 'osteogenesis day', 'timepoint_months', 'InitialTimePoint', 'age at diagnosis', 'path.stage', 'differentiation stage', 'description of day', 'differentiation day', 'day_of_euthanasia', 'visit day', 'age_diagnosis_years', 'age of onset', 'Tumor stage']"
Biospecimen Age,Timepoints and Durations,"['TimeUnit', 'sorter day', 'art start year', 'sampling_timepoint', 'time post-stimulation', 'developmental_stage', 'days_symptom_onset', 'overall.survival..days', 'sampling time', 'time_since_onset', 'stimulation time and condition', 'age at_diagnosis', 'dev stage', 'lineage', 'day of differentiation', 'survival time', 'days post drug', 'collection time point (#) or necropsy', 'parasite stage', 'time-point', 'days after infection', 'differentiation_stage', 'cage', 'age.days', 'infection.time.point.days', 'embryonic stage', 'excision year', 'time points', 'Time', 'ventilator-free days', 'day-post-infection', 'time post infection', 'day after seeding', 'os month', 'day of_tumor_harvest', 'infection agent', 'harvesting time', 'collection time', 'time after treatment', 'age at sampling', 'gestational age', 'Usage number', 'average library size', 'exposure time', 'age of psoriasis onset', 'treatment time point', 'ko induction_time', 'days post-vaccination', 'age at transplant', 'age.at.operation', 'disease_stage', 'days post onset of symptoms', 'age, months', 'survival_time', 'age of death', 'AGE', 'clinical stage', 'survival time in months', 'draw day', 'relapse time', 'stage of repair process', 'culture days', 'cancer stage', 'growth stage', 'activation agent', 'storage', 'age at initiation', 'ann arbor stage']"
Biospecimen Age,Sampling and Survival Times,"['sampling.time', 'harvest time', 'overall.survival.time', 'days post infection', 'life stage', 'time in culture', 'collection day', 'stage', 'days after stimulation', 'labeling agent', 'survival year', 'time after infection', 'treatment/timepoint', 'age and disease', 'year of isolation', 'timepoint_description', 'age at surgery', 'sporozoite age', 'age/gender', 'treatment stage', 'oxygen percentage', 'age in_yrs', 'injury/age', 'sex/age', 'experimental day', 'day post-infection', 'treatment_time', 'age fracture', 'days post-infection', 'time of sampling', 'day of collection', 'days ill', 'age/disease timepoint', 'age years', 'differentiation time', 'days post exposure', 'maternal age', 'time post-vaccination', 'days post_infection', 'post-treatment day', 'days post-prime', 'days post challenge', 'timepoint_in_hours', 'day transplantation', 'growth time mins', 'time post-treatment', 'Age of Onset', 'culture age', 'developmental stages', 'time_point', 'day of isolation', 'GOLD stage', 'Age at time of surgery', 'time post initiation of treatment', 'age at collection', 'time after treatment (and reversal) in hours', 'age post-hatch', 'age fraction', 'gestational stage', 'age at time of collection', 'post-operative day', 'growth time', 'induction time', 'pretreatment time', 'Time after induction', 'age at examination', 'dev_stage at treatment initiation', 'time infected']"
Biospecimen Age,Post-Event Timepoints,"['interval_death_symptoms_onset_days', 'intubation_days', 'time point days', 'time designation after sclerosis', 'time since sclerosis', 'time since transplant', 'Passage', 'culture stage', 'death_time', 'time post treatment', 'days post treatment', 'sampling time point', 'day of collection/passage', 'harvest time post treatment', 'time post_injury', 'differentiation_age', 'embryonic day', 'time post-infection', 'os_days', 'sepsis stage', 'fever day', 'injection age', 'MaternalAge', 'isolation stage', 'timepoint_progressors', 'time point post infection', 'time of treatment', 'age at onset', 'duration of untreated disease in month', 'cold ischemia time', 'donation time', 'time post-exposure', 'age_category', 'age of disease onset percentile', 'age of disease onset', 'age in months', 'day of development', 'parasite/gametocyte stage', 'cold ischemia_time', 'time of_treatment', 'incubation time', 'age tier', 'developmental age', 'treatment agent', 'day of protocol', 'differentiation time point', 'age of  culture', 'block storage', 'time to relapse', 'harvest time point', 'Tumor Stage', 'onset age', 'agent concentration', 'time after virus injection', 'days', 'time post-immunization', 'time point in the model of dormancy', 'age, yrs', 'developmental stage/tumor stage', 'chronological age', 'days under treatment', 'final age at death', 'death day', 'Developmental stage', 'gestational days', 'age at diagnosis in months', 'day post transplant', 'age at study start']"
Biospecimen Age,Age and Time Ranges,"['time of last follow up in months', 'day after intubation', 'age at harvest', 'time of day', 'age range', 'exacerbation day', 'process day', 'age/time point', 'day after transplantation', 'age of_diagnosis', 'time since first diagnosis', 'age of_onset', 'life cycle stage', 'time point of infection', 'cartilage pellets', 'embryo stage', 'passage/days', 'developmental stage, weeks', 'time of_drug_treatment', 'time after exposure', 'treatment time-point', 'collection timepoint', 'developmental stage/age', 'days from treatment', 'time after stimulation', 'age category', 'day post neural induction', 'days_since_positive_test', 'days in culture', 'of passage', 'days of final differentiation', 'stage of disease', 'passages after establishing stable clones', 'culture time', 'treatment/agent', 'treatment / timepoint', 'infection time point', 'days_post_infection', 'postnatal day', 'stage of differentiation', 'passage no', 'experiment', 'datatype description', 'collection_method', 'tag', 'culture', 'clinical status', 'fraction', 'lab description', 'survival_yr', 'growth phase', 'case', 'date harvest', 'surgery number', 'survival', 'induction date', 'exposure', 'culture type', 'development', 'category', 'experiment type', 'description', 'state', 'differentiation batch', 'growth medium', 'Cause of death', 'survival cluster', 'differentiation']"
Biospecimen Age,Experimental Conditions,"['overall.survival.months', 'os_month', 'differentiation_method', 'cag', 'culture media', 'isolation source', 'growth media', 'infected', 'animal name', 'clinical type', 'culture method', 'experiment label', 'infectious challenge', 'experimental status', 'Degree of differentiation', 'Case', 'experimental set', 'sampling site', 'Differentiation Method', 'experiment batch', 'isolation', 'growth type', 'collection date', 'differentiation status', 'state of culture', 'collection', 'overall.survival', 'experimental batch', 'experimental', 'experimental design', 'Clinical Status', 'labversion description', 'Type of Surgery', 'parasite isolate', 'sampling point', 'differentiation state', 'experimental factor', 'culture status', 'harvesting', 'collection_date', 'os months', 'Cause of Death', 'type of death', 'collection buffer', 'collection point', 'overall survival', 'experimental variable', 'culture batch', 'source/differentiation', 'phase description', 'stim', 'experiment name', 'length of culture', 'long description', 'maternal state', 'culture medium', 'differentiation replicate', 'date of isolation', 'process order', 'activation', 'incubation', 'life cycle', 'Growth Medium', 'sorted', 'data type description', 'developmental state', 'cause of death', 'incubation partner']"
Biospecimen Age,Temporal References,"['birth date', 'follow up years', 'ga', 'hours', 'phase of growth']"
External_sample_id,Sample Identification,"['sample type', 'patient id', 'individual', 'subject id', 'donor', 'subject', 'patient', 'subject status', 'sample id', 'subjectid', 'sample', 'sample group', 'mouse id', 'donor id', 'slide no', 'participant id', 'controlid', 'donor_id', 'patientid', 'batch id', 'individual id', 'barcode', 'patient_id', 'animal id', 'patient diagnosis', 'provider', 'patient gender', 'cell line id', 'sampleID', 'donor_age', 'donor_sex', 'donor_health_status', 'donor_ethnicity', 'participant', 'patient viral load', 'patient group', 'sample source', 'chip_antibody_provider', 'sample alias', 'sample common name', 'sample collection site', 'patient sample id', 'sample.id', 'patient age', 'ID', 'covid_status', 'slide', 'donor age', 'sample_code', 'volunteer id', 'blood sample id', 'plate id', 'patient_asymptomatic', 'blood sample_id', 'in_covid_only_dataset', 'external_donor_name', 'cosmic id', 'patient classification_at_first_sample', 'days since_first_sample', 'external id', 'days since first sample', 'sample id alt', 'patient classification at first sample', 'sample class', 'patient category', 'vendor id', 'platform_id_id design', 'sample_name', 'slide_position']"
External_sample_id,Sample Characteristics,"['sample name', 'sample timing', 'covid cat', 'covid', 'subject_id', 'sample material', 'sample collection time', 'symptomatic or asymptomatic at sample collection', 'non human primate individual id', 'vaccine side effects', 'age at sample drawn', 'sample preparation', 'sample_group', 'slide id', 'subject group', 'sample group_label', 'sample number within subject', 'sample collection', 'animal_id', 'tissue id', 'monkey id', 'donor category', 'slide name', 'sample time', 'Individual', 'subject number', 'sample_set', 'donor_id_blinded', 'sample_group_granular', 'donor type', 'paired samples', 'patient.code', 'sample_type', 'subject condition', 'subject diagnosis', 'sample day', 'tissue/sample type', 'hybridization batch', 'diagnosis recto sigmoid', 'patient_age', 'patient_visit', 'patient sex', 'patient code', 'patient subgroup', 'patient number', 'hybridization protocol', 'study id', 'sample tissue', 'sample_id', 'long-covid symptoms', 'study participant', 'sample_site', 'clinical diagnosis patient', 'sample recovery type', 'sample_barcode', 'slide_id', 'deceased donors, only left kidney included in the analysis', 'side', 'identifier', 'patient treatment', 'subjects', 'sample origin', 'time since steroid dose', 'donor_genotype', 'sample collection time post infection', 'scan id', 'steroids', 'mouse_id', 'donor code']"
External_sample_id,Sample Attributes,"['type of sample', 'patient population', 'sample age proxy', 'patient condition', 'family id', 'sample subseries', 'matched pair id', 'replicate id', 'donor number', 'individual identifier', 'specimen_barcode', 'mouse identifier', 'patient source', 'biopsy number for this subject', 'sample number', 'Patient', 'unique_subject_identifier', 'sample collection time post virus infection', 'tissue/treatment id', 'donor_type', 'animal identifier', 'library id', 'age patient', 'patient identifier', 'covid infection_status', 'covid severity_status', 'steroids_cat', 'nasal_steroids', 'pool id', 'number of pooled individuals', 'peptide', 'minimum counts per cell threshold used to remove background barcodes', 'sample plate', 'patient identification number', 'sample description', 'donor covid_status', 'steroid', 'with_lesion_sample', 'id sample', 'id simple', 'methylation_geo_id', 'geo_sample_id', 'ref id', 'time of sample collection', 'patient_no', 'patient no', 'subject age', 'pediatric patient', 'sample name in supplementary file', 'cartridge', 'covid status', 'rabbit id', 'patient response', 'alternative sample name', 'publication id', 'study_id', 'Sample ID', 'sample/subject id', 'samples of different individuals pooled', 'organoid line', 'tumor side', 'Mouse ID', 'swollen eyelid', 'sample prep', 'sample/time point', 'subject gender', 'slide tissue area', 'dissected embryo id number', 'patient/control id']"
External_sample_id,Sample Tracking,"['sample id cat', 'run id', 'lane id', 'patient sample', 'subject/sample source id', 'Donor type', 'patient id no', 'patient reference', 'sample condition', 'batch_id', 'sample.name', 'repeated samples', 'sample pool', 'normal individual, Tissue', 'amyloid', 'sample_time', 'donor no', 'sample case', 'subject label', 'subject id/diagnosis', 'individuals', 'clone id', 'Twin Pair ID', 'person id', 'Sample code', 'virus taxon id', 'disrupted gene id', 'study sample number', 'paired patient', 'library barcode', 'sample beneath', 'number of individuals per sample', 'donor status', 'participant condition', 'cell samples', 'sample.type', 'Age of patient', 'donor group', 'organoid status', 'mouse exhibiting symptoms on the day of sample collection', 'array id', 'sex steroid priming', 'tumor identifier', 'donor line', 'tumor sample', 'flowcell id', 'sample status', 'Sample Group', 'hippocampal slice id', 'patient line', 'Sample Type', 'status sample', 'samples', 'animal id number', 'StudyID', 'donor strain', 'Sample', 'carcinoid syndrome', 'patient tumor related pain status', 'donor age, sex', 'donor race', 'Hybridization Time', 'mouse individual id', 'subject status/id', 'patient_status', 'mouse id tag', 'data analysis id', 'genotype of original donor', 'Patient Number']"
External_sample_id,Sample Classification,"['sample subgroup', 'manuscript library id', 'sample_label', 'incidence', 'patients', 'Lab ID', 'location/side', 'clone background/id', 'unique sample identifier', 'Sample group', 'strain id', 'group id', 'sample identifier', 'fetal lung tissue donor', 'internal patient id', 'internal sample id', 'donor fibroblasts', 'day of organoid differentiation', 'hydrogen peroxide treatment', 'donor id/status', 'array barcode', 'organoid generation', 'graft donor strain', 'original biopsy for this patient', 'cell model id', 'source id', 'tissue donor', 'treatment/sample type', 'subject identifier', 'number of_samples', 'peptide genotype', 'sample region', 'sample code', 'culture/clone_id', 'patient age at diagnosis', 'sample name synonym', 'Sample_reference', 'Subject_reference', 'source patient gender', 'strain donor', 'organoid formation', 'subject relationship', 'sample barcode', 'sample population', 'Sex of donor mice', 'tubules with elongated spermatids', 'tubules with round spermatids', 'age of donor/age of host', 'sample replicate number', 'fluid', 'sample state', 'hybrid', 'id', 'in-line barcodes', 'donor sex', 'donor gender', 'donor disease state', 'acidity', 'associate geo_sample', 'patient-derived cell line', 'sample age', 'antibody vendor id', 'control id', 'donor diagnosis', 'sample tag_information', 'organoid type', 'age of patient when tumor sample obtained', 'batch', 'replicate']"
External_sample_id,Sample Context,"['plate', 'site', 'location', 'source', 'animal', 'clone', 'study', 'chip_antibody_lot', 'vital status', 'array', 'library date', 'chip antibody vendor', 'volunteer code', 'library', 'plate_number', 'volunteer', 'subset', 'family', 'line number', 'array batch', 'folder name', 'sort population', 'size', 'roi type', 'number of_mice', 'Subsets', 'replicates', 'library input', 'health_status', 'study number', 'bar code', 'person', 'vendor', 'pooled', 'Source', 'chip-antibody vendor', 'alternative_name', 'animal number', 'plate code', 'replicate type', 'antibody vendor name', 'library kit', 'vital_status', 'common name', 'family code', 'animal no', 'alternative name', 'sorted population', 'antibody vendor', 'radiation response', 'library backbone', 'number of animals', 'als status', 'nodal status', 'fraction/population', 'replicate number', 'hippocampal sclerosis', 'tubules with spermatocytes', 'number of_animals', 'associated geo', 'clip antibody vendor', 'enrollment batch', 'code', 'original geo accession', 'hospital', 'volunteer number', 'alias', 'pool no', 'Order Code']"
External_sample_id,Lab Identifier,['lab code']
Treatment,General Treatment Info,"['treatment', 'group', 'vaccine', 'treatment description', 'treatmentshort', 'drug treatment', 'treatment group', 'control', 'control description', 'treatment duration', 'subgroup', 'groups', 'molecular subgroup', 'diagnostic_group', 'classification group', 'chemical compound', 'infected with/healthy control', 'vaccine doses', 'prior treatment', 'response_group', 'grouping', 'vaccine type', 'current medication', 'experiment group', 'treatment location', 'chemotherapy', 'Prior Treatment', 'treatment administration route', 'treatment frequency', 'study group', 'drug', 'experimental group', 'treatment dose', 'treatment arm', 'treatment withdrawal', 'treatment initiation', 'recreational drugs', 'prescription drugs', 'treatment-outcome code', 'radiation.therapy', 'treatment protocol', 'treatment response', 'enzymatic treatment', 'vaccine group', 'dose group', 'group description', 'inhibitor treatment', 'dose_group', 'batch group', 'previous treatments']"
Treatment,Treatment Details,"['vaccine regimen', 'drug dose', 'hours post-treatment', 'therapy used', 'Group', 'antibiotic treatment', 'healthy control', 'control/intervention', 'treatment status', 'ear treatment', 'therapy', 'compound', 'biological drug', 'treatment_duration', 'control or als', 'vector treatment', 'previous drug treatment', 'antibody group', 'surgical treatment', 'vaccine administered', 'rabbit group', 'treatment outcome', 'group label', 'treatment_duration_in_hours', 'treatment category', 'treatment prior to second surgery', 'vaccine administration', 'survival group', 'intervention group', 'prior chemotherapy', 'antibody treatment', 'main group', 'treatments', 'postsurgical-treatment', 'isogenic_group', 'drug concentration', 'first-line therapy', 'clinical group', 'treatment before challenge', 'chemical treatment', 'no treatment', 'treatment_effect', 'clinical_subgroup', 'treatment concentration', 'prior systemic therapy', 'current systemic therapy', 'treatment condition/type', 'pharmacologic treatment type', 'os_group_median', 'drug administration']"
Treatment,Treatment Outcomes,"['treatment effect', 'duration of treatment', 'other treatment', 'growth medium/treatment', 'chemical probe', 'Treatment', 'treatment_type', 'drug response', 'drug resistance', 'compound concentration', 'experiment grouping', 'art treatment', 'treatment/infection', 'has_drug', 'seizure group', 'compound treatment', 'pretreatment', 'subset group', 'case or control', 'risk group', 'treatment of mice', 'treatment_dose', 'Drug', 'analysis group', 'chemical', 'chemical modification', 'chronic medication', 'acute medication', 'polarization treatment', 'treatment type', 'camp treatment/level', 'before or after treatment', 'knockout group', 'treatment timing', 'vaccine dose', 'selection pressure drugs', 'genotype/treatment', 'treatment/group', 'culture/treatment', 'exogenous treatment', 'animal treatment', 'genotype & treatment', 'group_tag', 'mice group', 'control source', 'treatment_term_name', 'segment type', 'response', 'resistance', 'animal replicate']"
Treatment,Experimental Design,"['classification', 'replicate description', 'genetic modification', 'brain location', 'experimental replicate', 'case/control', 'molecular subtype', 'protect outcome', 'other_medication', 'variant type', 'translocation', 'experimental repeat', 'genomic modification', 'donation source', 'tretment', 'genetic modifications', 'translocations', 'dementia status', 'polarization state', 'experimental run', 'antibody name', 'mutation frequency', 'nitrogen source', 'antibody lot', 'temperature', 'medium', 'tuberculin skin test', 'treated with', 'delivery', 'stimulus', 'chip_antibody', 'irradiated', 'first vaccination', 'second vaccination', 'selection marker', 'induced', 'injection_materials', 'curative_intent', 'media', 'amplification', 'ventilation', 'chip-antibody', 'diet', 'medications/vitamin names', 'stimulant', 'vaccination.assignment', 'surgical_interval_mo', 'active ingredient', 'knockout', 'primed']"
Treatment,Interventions,"['rip antibody', 'antibody manufacturer', 'diabetes_medication', 'chip antibody lot', 'knockdown', 'exposed stress', 'watch and wait', 'Exposures', 'vector', 'trial arm', 'surgery', 'prophylaxis', 'exercise intensity', 'challenge', 'surgery type', 'radiation', 'bone-marrow grafting status', 'bone-marrow grafting type', 'injected virus', 'alcohol', 'number of immunization boost', 'rounds_to_cure', 'clinical trial phase', 'other biologic medicines use', 'pathogen exposure', 'viral challenge', 'culture platform', 'debris removal', 'perturbation class', 'perturbation', 'cross-linked', 'route administered', 'vehicle', 'over-expression', 'length of exposure', 'nicotine', 'oxygen flow', 'radiation exposure', 'library prep kit', 'virus-stimulation', 'perturbation type', 'environment', 'inhibitor removal', 'medicine', 'untreated/treated', 'cultivation', 'growth temperature', 'implantation', 'vasopressor', 'modification']"
Treatment,Environmental Conditions,"['oxygen level', 'injected with', 'antibody target description', 'fed with', 'Shear exposure', 'desiccation', 'genetic engineering', 'construct expression', 'culture format', 'expression construct', 'fasting', 'mode of growth', 'gene_knockout', 'vaccination_status', 'antigenic stimulation', 'transplant', 'autophagy induction', 'oxygen tension', 'angiography', 'genetic_modification', 'surgical approach', 'plating', 'antibody used', 'antigen capture', 'rescue', 'intensive care', 'growth factors in the culture medium', 'antibody maker', 'overexpressing', 'growth phase/media', 'secondary antibody', 'primary antibody', 'transient expression', 'testosterone treated', 'gene induction', 'overexpressed target', 'methylation-enrichment', 'media supplement', 'chip antibody reference', 'stable knockdown', 'antibody cat', 'depletion', 'spike protein used', 'phase growth', 'oxygen status', 'strategy', 'media additions', 'culture supplement', 'affinity purification', 'ligation']"
Treatment,Cell Culture,"['selection media', 'solvent', 'transplanted with']"
Biospecimen Organism,Strain,"['strain', 'strain background', 'strain/background', 'mouse strain', 'background strain', 'strain description', 'strain/genotype', 'parasite strain', 'virus strain', 'malaria strain', 'strain name', 'viral strain', 'bacterial strain', 'host strain', 'genotype/strain', 'laboratory strain', 'recipient strain', 'infection strain', 'strain info', 'parental strain', 'strain source', 'strain origin', 'strain/isolate', 'pathogen strain', 'Mouse strain', 'parent_strain', 'original strain', 'infectious strain', 'cell strain', 'Cell strain', 'strain_recipient', 'infrequent clonal strain code', 'Strain', 'age and_strain', 'Virus Strain', 'strain  background', 'plasmodium strain', 'parental-strain', 'strains', 'strain/model', 'graft recipient strain', 'strain recipient', 'bacteria strain']"
Biospecimen Organism,Organism,"['organism', 'organism part', 'cell organism', 'host', 'source_organism', 'OrganismPart', 'host cell', 'host genotype', 'host mice strain', 'host vendor', 'host strain/background', 'mouse line abbreviation', 'mouse line', 'host cell line', 'host organism', 'host cell type', 'host_cell_line', 'specific-host', 'host age', 'host mouse strain', 'host mouse_tissue', 'host cells', 'host tissue', 'mammalian host', 'organism_status', 'organism_part', 'spike-in organism', 'organismpart']"
Biospecimen Organism,Mouse,"['mouse', 'mouse number', 'mouse genotype/variation', 'replicate mouse', 'mouse age', 'mouse selection', 'mouse dietary condition', 'mouse group', 'mouse status', 'mouse stain', 'mouse tissue', 'mouse genotype', 'mouse cell genotype/variation', 'Mouse model', 'mouse model']"
Biospecimen Organism,Species,"['species', 'Species', 'genotype', 'genotype/variation', 'human cell genotype/variation', 'breed', 'cattle breed', 'geographical origin', 'genotype of founder fish', 'life form', 'litter', 'origin', 'parental origin', 'specificity', 'specific', 'living']"
Biospecimen Organism,Pathogen,"['pathogen', 'pathogens', 'ps status', 'viral status', 'immune status', 'os', 'Genotype', 'genome/variation', 'genotype/varation', 'bacteria', 'bacterium', 'mosquito', 'parasite line', 'viral family', 'viral genus', 'virus', 'virus family', 'virus genus', 'virus subtype', 'virus type', 'Pathogen']"
Biospecimen Organism,Host Infection,"['infected host', 'infection host', 'infected with', 'microorganism_source_of_infection', 'microorganism_blood', 'os_status', 'human tissue source', 'human tumor cell line', 'cell line / strain', 'malaria status', 'OS status']"
Biospecimen Organism,Organism Miscellaneous,"['couple number', 'selection', 'series', 'stain', 'strand', 'hot', 'agricultural animals', 'background mice', 'companion animals', 'mice']"
Biospecimen Sex,General Sex,"['gender', 'Sex', 'sex', 'Gender', 'SEX']"
Biospecimen Sex,Specific Sex,"['female', 'fetal sex', 'biological sex', 'InfantSex', 'placental sex']"
Biospecimen Sex,Predicted or Determined Sex,"['sex predicted', 'Sex of recipient mice']"
Biospecimen Sex,Source of Sex Information,"['gender source', 'source gender']"
Biospecimen Sex,Sex Composition,['gender composition']
Biospecimen Sex,Animal Sex,['animal sex']
Biospecimen Sex,Biological Attributes,"['biologics', 'biological source', 'gene']"
Biospecimen Sex,Reproductive Status,['nulliparous']
Other,Study Attributes,"['visit', 'segment', 'reference', 'datatype', 'tst', 'dataset', 'roi', 'date', 'biological replicate', 'assay', 'geographical region', 'labversion', 'roi number', 'protection', 'lab', 'class', 'area', 'library prep', 'pipeline version', 'censored', 'platesimple', 'experiment_type', 'albumin', 'hematocrit', 'hemoglobin', 'model', 'bin', 'birth_place', 'method', 'adjusted household density', 'geographic location', 'field_site', 'atmosphere', 'geographic origin', 'lane.number', 'center', 'weight', 'lane', 'sort', 'recipient', 'cluster', 'immature_granulocytes_percent', 'genotype_abbreviation', 'immature_granulocytes_absolute', 'allele actual', 'well address', 'plate_location', 'allele nominal', 'match', 'smear microscopy', 'instrument model', 'supplier', 'affy_batch', 'library prep_plate', 'assigned cluster', 'probe_detection', 'title', 'filtered peaks', 'extract name', 'assay name', 'project', 'hemisphere_name', 'platelet_count', 'multisector', 'injection_roi', 'array_design', 'cluster_label', 'is_technical_replicate']"
Other,Sequencing Details,"['duplicate_pair', 'material support', 'library name', 'genome build', 'label', 'bait', 'chain', 'outlier', 'date collected', 'gene_count', 'nuclei count', 'technique', 'recruiting site', 'procedure date', 'smoking start date', 'smoking amount', 'smoking stop date', 'binding density', 'cap score', 'chip antibody cat', 'negative normalization factor', 'note', 'history', 'surface area', 'link', 'who', 'nuclei_counts', 'amplification cycles', 'smoke', 'visit_date', 'mean corpuscular volume', 'job/role', 'technical replicate', 'index', 'genetic testing', 'unpublished', 'city', 'datasets', 'volume', 'geographical location', 'training.test', 'used for analysis', 'block_name', 'structure acronym', 'set', 'read length', 'duplication_rate', 'align_unique', 'exon_ratio', 'align_input', 'reads_all', 'nuclear_reads', 'library_prep_date', 'extract_date', 'repeat', 'season', 'other information', 'sorting strategy', 'escape', 'diffuse', 'hist.score', 'feeding', 'bal sampling date', 'timing', 'processing', 'library quality', 'visit number', 'pair']"
Other,Physical and Demographic Attributes,"['run_date', 'muscle mass', 'waist to hip ratio', 'reference genome_for_processed_files', 'fat mass', 'reference genome_for_alignment', 'region of birth', 'period', 'buffer', 'extraction date', 'draw_date', 'comment', 'LabeledExtract', 'expanded allele cag repeat count', 'factor', 'paired material support', 'input', 'further operations', 'efficacy', 'buffer_volume', 'protein exchange', 'buffer_volume_unit', 'study_origin', 'library prep. kit', 'restriction enzyme', 'classifier_mes', 'aerosol.run', 'lane.ordinal', 'notes', 'adapter', 'target gene', 'Other', 'technology', 'sofa', 'application', 'country', 'met_amplification', 'other batch', 'date of array', 'batch.date', 'fragments in clean bam', 'sensor', 'spike-in', 'other', 'admission', 'circumstances', 'target', 'geo series', 'library strategy', 'geo accession', 'Filter number', 'cortical_score', 'striatal_score', 'channel count', 'reporter', 'roi lot', 'chemistry', 'purification', 'replicate # in experiment', 'progression_free_survival_censor', 'experiment year_month', 'instance', 'integrative analysis', 'panel', 'expression', 'adapter sequence', 'mib', 'geo expression data']"
Other,Sample and Experimental Conditions,"['replicate / experiment', 'ClinicalInformation', 'spike-ins', 'preservation method', 'tags', 'restriction enzymes', 'structure', 'backbone', 'genetic variants', 'risk', 'immune border', 'comments', 'cag repeat size', 'library_batch', 'enrichment method', 'library prep person', 'carbon source', 'corrector', 'coo', 'angiogenesis score', 'ras score', 'cag repeats', 'cycling', 'respirations per minute', 'cag length', 'commercial source', 'topography', 'kit mutation', 'library version', 'sort strategy', 'match degree', 'collected_by', 'platform', 'biological_replicate', 'genetic specifics', 'last follow-up', 'ago protein', 'kit', 'scan method', 'to concatenate', 'total bilirubin', 'littermate', 'processing batch', 'mean.corpuscular.volume', 'histone mark', 'modality', 'temp', 'nutritional state', 'Cluster', 'markers used for sorting', 'number cag repeats', 'experimental variables', 'gel_bead_version', 'pipeline.version', 'tau_score', 'profession', 'freezer', 'labor', 'data file subset', 'data type', 'Cycle', 'paired with', 'batch number', 'number of replicates', 'water salinity', 'locale', 'asbestos-fiber count', 'method of preservation']"
Other,Genetic and Molecular Features,"['tandem repeat number', 'core code', 'chip-antibody cat', 'definite analysis', 'total volume', 'genetic variants inheritance', 'twins', 'virus accession number', 'note_other', 'test', 'promoter', 'preparation method', 'line name in manuscript', 'lactate', 'los', 'creatinine', 'tobacco', 'specific primer', 'culture results', 'run', 'sort fraction', 'variant', 'clinical', 'ectopic expression', 'biological replicates', 'percent_aligned', 'technical_replicate_number', 'biological_replicate_number', 'date_death', 'decode_name', 'sorting', 'chip processing date', 'Parity', 'calcium level', 'hospital admission', 'radiology', 'sort-gate', 'sort gate', 'stitched reads', 'raw reads', 'aligned reads', 'level', 'performance', 'vascular support', 'has_pressure', 'viral titre', 'pool', 'sorting fraction', 'oxygen', 'detachment', 'primers', 'gel bead version', 'rip', 'ubi', 'measure', 'Weight', 'pooling', 'functional connectivity', 'paradigm', 'div', 'sorting probe', 'product', 'oxygenation', 'expressing', 'operator', 'insertion site distance to gene', 'replica', 'scale']"
Other,Experimental and Technical Specifications,"['technical replicates', 'knockdown target', 'submission date', 'company', 'drinking', 'replicate experiment', 'chip antibody manufacturer', 'salt.score', 'library label_name', 'metabolic activity', 'animals pooled', 'isolated by', 'driver gene', 'transcription factor expression level', 'cutting enzymes', 'chip antibody details', 'antigen reactivity', 'number of cag repeats', 'data presented in the manuscript', 'hit.status', 'sorting criteria', 'well diameter in um', 'molecule purification', 'clinical comments', 'digestion enzyme', 'incubation temperature', 'chip antibody manufacturers', 'bilirubin', 'ast', 'encode accession', 'alt', 'variation', 'Labeling_reference', 'Extraction_reference', 'Extraction_amount', 'zone', 'mating pair', 'ARN_quality', 'extraction batch', 'mother from', 'expression level', 'nitrogen', 'tubular shadows', 'exposed pollutants', 'cross', 'behavior', 'mean number of oocysts', 'number of half-sclerotomes', 'Bra', 'body weight', 'sampling post confirm', 'library_strategy', 'term accession number', 'term source ref', 'experiment performed in', 'vector construct', 'chip magnetic beads', 'gating', 'express', 'isolation column', 'antibody lot number', 'antibody antibody description', 'immunology', 'details', 'reactivity', 'assay type', 'clip antibody cat', 'feature type']"
Other,Data Characteristics,"['domain', 'par-clip', 'data_type']"
Biospecimen Race,Self-Reported Race,"['self_reported_race', 'race/ethnicity', 'race_ethnicity']"
Biospecimen Race,Ethnic Grouping,"['ethnic group', 'Ethnic group', 'ethnicity', 'Ethnicity']"
Biospecimen Race,Ancestral Origin,['ancestry']
Biospecimen Race,Race General Classification,"['race', 'Race']"
Treatment Dosage Regimen,Protocol Details,"['protocol', 'protocol description', 'protocol number', 'study protocol', 'digestion protocol', 'labeling protocol', 'library preparation protocol', 'library preparation method', 'extraction_protocol', 'extract_protocol', 'extract protocol', 'extraction_protocol_fragmentation', 'chip_protocol', 'chip_protocol_chromatin_amount', 'chip_protocol_bead_type', 'chip_protocol_antibody_amount', 'chip_protocol_bead_amount', 'growth protocol', 'stimulation protocol', 'library protocol']"
Treatment Dosage Regimen,Dosage and Concentration,"['dose', 'immunization dose', 'vaccination dose', 'infectious_dose', 'virus dose', 'inoculation dose', 'lung radiation dose', 'concentration', 'viral concentration', 'Extraction_concentration']"
Treatment Dosage Regimen,Duration and Time,"['duration', 'duration of illness', 'culture duration', 'stimulation duration', 'duration in hours', 'duration_units', 'duration of cultivation', 'symptom duration', 'psoriasis duration', 'Duration of psoriasis', 'illness_duration']"
Treatment Dosage Regimen,Vaccination and Immunization,"['vaccination', 'immunization', 'vaccination route', 'vaccination boost', 'vaccination state', 'immunization route']"
Treatment Dosage Regimen,Regimen and Schedule,"['regimen', 'schedule', 'dietary regiment', 'weekly dosing']"
Treatment Dosage Regimen,Biological and Technical Parameters,"['mutation', 'education', 'derivation', 'induction', 'inoculation', 'indication', 'virus added', 'culture variation', 'Induration']"
Treatment Dosage Regimen,Library and Data Preparation,"['library preparation', 'library protocol']"
Treatment Dosage Regimen,General and Miscellaneous,"['region', 'protocols']"
